run	success	duration	cost	Emax_PT	EC50_riv_PT	Emax_aPTT	EC50_riv_aPTT	Emax_Xa	EC50_riv_Xa	message	x	x0
49	True	13.091451168060303	109.02361179514865	3.5530919743774545	0.0035833544566150222	0.9500194161813726	0.00040891827752344355	0.6860934265985122	0.000295895101103941	`xtol` termination condition is satisfied.	"[3.55309197e+00 3.58335446e-03 9.50019416e-01 4.08918278e-04
 6.86093427e-01 2.95895101e-04]"	"[5.31656404e+00 5.32971146e-03 1.98285273e-01 1.95807792e-07
 5.42644167e-01 2.53480046e-05]"
80	True	12.860043287277222	109.02377296393418	3.5568186720244075	0.003588900640204204	0.9515008939036586	0.0004101288078208107	0.68608531367295	0.000295885712976863	`xtol` termination condition is satisfied.	"[3.55681867e+00 3.58890064e-03 9.51500894e-01 4.10128808e-04
 6.86085314e-01 2.95885713e-04]"	"[4.90423475e+00 6.49742129e-03 5.14068767e+00 5.78392442e-06
 6.02314589e-01 1.92329823e-06]"
93	True	17.266733407974243	109.02396474967115	3.5342683103795123	0.0035605688007418687	0.9517693444934238	0.0004101127505840967	0.6861947702596205	0.0002960130026635173	`ftol` termination condition is satisfied.	"[3.53426831e+00 3.56056880e-03 9.51769344e-01 4.10112751e-04
 6.86194770e-01 2.96013003e-04]"	"[1.00018522e+00 1.11230387e-03 8.07710006e+00 1.41909111e-07
 9.66561560e-01 9.07874052e-03]"
9	True	14.376275777816772	109.02398158606104	3.6385511492536113	0.0036858880171500817	0.9529273104872862	0.00041140871460906755	0.685874931078025	0.0002957500856976038	`xtol` termination condition is satisfied.	"[3.63855115e+00 3.68588802e-03 9.52927310e-01 4.11408715e-04
 6.85874931e-01 2.95750086e-04]"	"[9.58888162e+00 3.87973461e-03 6.03817647e+00 7.07823865e-05
 6.69172692e-01 2.48667198e-05]"
82	True	18.00572896003723	109.02402694999992	3.5436352378803213	0.0035721355310807594	0.9522098398519108	0.00041052566173298895	0.686193111001024	0.00029601179138569954	`ftol` termination condition is satisfied.	"[3.54363524e+00 3.57213553e-03 9.52209840e-01 4.10525662e-04
 6.86193111e-01 2.96011791e-04]"	"[5.26879233e-01 2.69847732e-04 2.08568320e+00 4.01962674e-05
 8.90928100e-01 1.33077577e-05]"
63	True	25.906064987182617	109.0240269739191	3.543598323935271	0.0035720926337320506	0.9522098419781134	0.00041052566337155074	0.6861931482182653	0.0002960118223328502	`ftol` termination condition is satisfied.	"[3.54359832e+00 3.57209263e-03 9.52209842e-01 4.10525663e-04
 6.86193148e-01 2.96011822e-04]"	"[2.89733322e+00 2.27288923e-06 4.63849077e+00 3.98242961e-06
 6.15572213e-01 4.22953089e-05]"
16	True	23.965535163879395	109.02402709248253	3.5437422776149217	0.0035722599439050565	0.9522098419806679	0.000410525663373449	0.6861931482015489	0.00029601182231894893	`ftol` termination condition is satisfied.	"[3.54374228e+00 3.57225994e-03 9.52209842e-01 4.10525663e-04
 6.86193148e-01 2.96011822e-04]"	"[1.98887123e-01 9.60449393e-06 3.13606947e-01 4.48376728e-05
 5.00381743e-01 9.21681723e-05]"
75	True	33.80031490325928	109.02402713741353	3.5437965648322804	0.003572323044131816	0.9522098419782364	0.00041052566337162837	0.686193148218672	0.0002960118223331877	`ftol` termination condition is satisfied.	"[3.54379656e+00 3.57232304e-03 9.52209842e-01 4.10525663e-04
 6.86193148e-01 2.96011822e-04]"	"[2.95593347e-01 1.26761003e-07 4.65841327e-01 1.34359095e-04
 7.54520640e-01 2.10931992e-04]"
20	True	22.11684799194336	109.02402741373096	3.5441277644794824	0.0035727080303837146	0.9522098427137491	0.000410525663923175	0.6861931482754895	0.00029601182237798125	`ftol` termination condition is satisfied.	"[3.54412776e+00 3.57270803e-03 9.52209843e-01 4.10525664e-04
 6.86193148e-01 2.96011822e-04]"	"[9.80373659e-01 2.47898821e-04 7.04878221e+00 1.33939255e-03
 8.05441736e-01 7.54619923e-03]"
17	True	25.918210744857788	109.02402746993975	3.544194877849348	0.003572786055132652	0.9522098419783793	0.00041052566337173755	0.6861931481818339	0.0002960118223025421	`ftol` termination condition is satisfied.	"[3.54419488e+00 3.57278606e-03 9.52209842e-01 4.10525663e-04
 6.86193148e-01 2.96011822e-04]"	"[3.49043114e+00 4.23702079e-05 2.35286887e-01 6.21499163e-04
 8.41714558e-01 1.30079072e-06]"
32	True	21.52953553199768	109.02402752674777	3.5442622866427005	0.0035728644442542183	0.95220984205473	0.000410525663428989	0.6861931481615839	0.0002960118222856935	`ftol` termination condition is satisfied.	"[3.54426229e+00 3.57286444e-03 9.52209842e-01 4.10525663e-04
 6.86193148e-01 2.96011822e-04]"	"[1.71736499e+00 2.21200678e-04 1.98727768e-01 7.83174075e-06
 7.75085405e-01 6.24233537e-05]"
6	True	24.430444717407227	109.02402759758643	3.5443605224532346	0.003572978646240363	0.9522097320086107	0.0004105255786128037	0.6861931482122119	0.0002960118223278135	`ftol` termination condition is satisfied.	"[3.54436052e+00 3.57297865e-03 9.52209732e-01 4.10525579e-04
 6.86193148e-01 2.96011822e-04]"	"[1.81375429e-01 1.67846463e-05 2.47130531e+00 1.43801178e-07
 5.90144702e-01 7.81725990e-04]"
90	True	19.152642965316772	109.02402761226908	3.544424192117149	0.003573052679979346	0.9522098247285785	0.0004105256500761001	0.6861931139719744	0.00029601179383720164	`ftol` termination condition is satisfied.	"[3.54442419e+00 3.57305268e-03 9.52209825e-01 4.10525650e-04
 6.86193114e-01 2.96011794e-04]"	"[7.44088732e-01 8.31211112e-04 2.37117122e-01 7.99598094e-07
 5.66753043e-01 1.76731884e-05]"
92	True	24.137830018997192	109.02402766497366	3.544425440235627	0.00357305411887874	0.9522098419778875	0.0004105256633713757	0.6861931481995812	0.00029601182231730355	`ftol` termination condition is satisfied.	"[3.54442544e+00 3.57305412e-03 9.52209842e-01 4.10525663e-04
 6.86193148e-01 2.96011822e-04]"	"[3.93389552e-01 1.32475729e-07 5.83007147e+00 4.25530300e-03
 5.08618014e-01 1.66418000e-07]"
85	True	21.91279172897339	109.02402771737485	3.54448703493645	0.003573125732856497	0.9522098419909724	0.000410525663381181	0.6861931481959832	0.00029601182231430844	`ftol` termination condition is satisfied.	"[3.54448703e+00 3.57312573e-03 9.52209842e-01 4.10525663e-04
 6.86193148e-01 2.96011822e-04]"	"[1.32665459e-01 8.63221475e-05 2.97983434e-01 1.52230031e-05
 7.22037835e-01 9.76715831e-05]"
41	True	24.75065016746521	109.02402775419999	3.5445302007772432	0.003573175915459204	0.9522098419717032	0.0004105256633666044	0.6861931482134117	0.00029601182232881084	`ftol` termination condition is satisfied.	"[3.54453020e+00 3.57317592e-03 9.52209842e-01 4.10525663e-04
 6.86193148e-01 2.96011822e-04]"	"[1.32385723e+00 2.33247250e-05 4.42994581e-01 4.91904287e-03
 6.19080816e-01 5.00332761e-03]"
11	True	23.257453203201294	109.02402796490907	3.5447759001756873	0.0035734615930766355	0.9522098419784727	0.0004105256633718081	0.6861931482178714	0.0002960118223325218	`ftol` termination condition is satisfied.	"[3.54477590e+00 3.57346159e-03 9.52209842e-01 4.10525663e-04
 6.86193148e-01 2.96011822e-04]"	"[1.50463630e-01 1.08028568e-05 5.01682350e-01 9.51075837e-03
 5.49713977e-01 1.34677469e-04]"
99	True	24.938472032546997	109.02402817403475	3.5450174624176105	0.0035737425022093513	0.9522098419782653	0.00041052566337164144	0.6861931481788878	0.0002960118223000667	`ftol` termination condition is satisfied.	"[3.54501746e+00 3.57374250e-03 9.52209842e-01 4.10525663e-04
 6.86193148e-01 2.96011822e-04]"	"[1.73776725e+00 1.65988998e-05 7.94201969e-01 6.17375815e-04
 7.77671646e-01 1.89389915e-06]"
51	True	25.96586847305298	109.02402838603459	3.545259894447183	0.0035740244411601296	0.9522098419720796	0.00041052566336687436	0.6861931482122406	0.00029601182232783316	`ftol` termination condition is satisfied.	"[3.54525989e+00 3.57402444e-03 9.52209842e-01 4.10525663e-04
 6.86193148e-01 2.96011822e-04]"	"[7.01934495e+00 2.84686573e-05 1.21732302e-01 3.08821542e-03
 8.31977118e-01 2.71763549e-07]"
25	True	37.575727462768555	109.02402840563433	3.545282181702532	0.0035740503727798687	0.9522098419783418	0.0004105256633716935	0.6861931482183752	0.0002960118223329416	`ftol` termination condition is satisfied.	"[3.54528218e+00 3.57405037e-03 9.52209842e-01 4.10525663e-04
 6.86193148e-01 2.96011822e-04]"	"[6.16061544e+00 1.80797384e-06 9.24394976e-01 3.62627630e-06
 5.35182716e-01 2.81570411e-06]"
69	True	24.72173309326172	109.02402840959063	3.545286720653366	0.003574055653920871	0.9522098419774028	0.00041052566337098316	0.6861931481940766	0.0002960118223127069	`ftol` termination condition is satisfied.	"[3.54528672e+00 3.57405565e-03 9.52209842e-01 4.10525663e-04
 6.86193148e-01 2.96011822e-04]"	"[3.93021457e-01 1.51416557e-07 1.82240465e+00 1.82778157e-06
 7.32290215e-01 5.11094642e-06]"
54	True	23.692279815673828	109.02402846055689	3.545344589733629	0.003574122959519918	0.9522098419783889	0.0004105256633717501	0.6861931482076049	0.00029601182232397204	`ftol` termination condition is satisfied.	"[3.54534459e+00 3.57412296e-03 9.52209842e-01 4.10525663e-04
 6.86193148e-01 2.96011822e-04]"	"[1.14788013e-01 2.43852637e-06 3.19909990e+00 6.02347648e-04
 5.64368329e-01 1.91547659e-06]"
60	True	22.318623542785645	109.02402849155118	3.545379617434374	0.0035741637060815873	0.9522098419596743	0.0004105256633573112	0.6861931482802236	0.00029601182238175666	`ftol` termination condition is satisfied.	"[3.54537962e+00 3.57416371e-03 9.52209842e-01 4.10525663e-04
 6.86193148e-01 2.96011822e-04]"	"[1.74180423e+00 9.09391804e-03 1.04478569e-01 2.02149682e-05
 7.79063660e-01 3.24495758e-03]"
62	True	27.241233348846436	109.0240285334875	3.545427184944751	0.003574219026277958	0.9522098419782409	0.0004105256633716221	0.6861931482186443	0.0002960118223331656	`ftol` termination condition is satisfied.	"[3.54542718e+00 3.57421903e-03 9.52209842e-01 4.10525663e-04
 6.86193148e-01 2.96011822e-04]"	"[4.38926882e+00 4.54225580e-07 7.21275948e+00 2.76376575e-03
 5.89294298e-01 1.68643290e-03]"
0	True	23.30556058883667	109.0240285685315	3.5454670184047177	0.00357426535437407	0.9522098419788918	0.0004105256633721124	0.6861931480785526	0.0002960118222164837	`ftol` termination condition is satisfied.	"[3.54546702e+00 3.57426535e-03 9.52209842e-01 4.10525663e-04
 6.86193148e-01 2.96011822e-04]"	"[2.24796345e+00 1.08478108e-04 3.58868730e-01 5.68311254e-04
 5.38290361e-01 1.22728509e-06]"
37	True	22.469268083572388	109.02402864176193	3.5455514107523114	0.0035743635135793996	0.9522098409815097	0.00041052566260325977	0.6861931470355849	0.00029601182134771694	`ftol` termination condition is satisfied.	"[3.54555141e+00 3.57436351e-03 9.52209841e-01 4.10525663e-04
 6.86193147e-01 2.96011821e-04]"	"[4.89580240e+00 1.01847168e-03 3.85457839e+00 5.17400822e-05
 5.90570555e-01 3.48039046e-03]"
96	True	29.76650643348694	109.0240286972108	3.5456117264341565	0.0035744336797588314	0.9522098419779309	0.0004105256633714034	0.686193148192369	0.00029601182231127793	`ftol` termination condition is satisfied.	"[3.54561173e+00 3.57443368e-03 9.52209842e-01 4.10525663e-04
 6.86193148e-01 2.96011822e-04]"	"[1.06328878e-01 7.61185947e-03 2.31038365e+00 3.71069220e-05
 6.65345080e-01 6.36467455e-06]"
83	True	17.873114347457886	109.02402877078245	3.545672783502938	0.003574507035715597	0.9522100228505858	0.0004105257990846621	0.6861931472357647	0.0002960118215151457	`ftol` termination condition is satisfied.	"[3.54567278e+00 3.57450704e-03 9.52210023e-01 4.10525799e-04
 6.86193147e-01 2.96011822e-04]"	"[1.15371531e+00 7.51792974e-04 3.11947280e+00 1.33849136e-06
 5.45049613e-01 7.15334188e-04]"
7	True	29.203620433807373	109.0240288441657	3.5457761737378415	0.003574624969345655	0.952209841978244	0.00041052566337163385	0.6861931482182627	0.00029601182233284775	`ftol` termination condition is satisfied.	"[3.54577617e+00 3.57462497e-03 9.52209842e-01 4.10525663e-04
 6.86193148e-01 2.96011822e-04]"	"[3.52250253e+00 1.23681865e-07 9.60870193e+00 1.01730092e-04
 5.34613388e-01 7.36984706e-03]"
95	True	32.95925521850586	109.02402909154205	3.546050731190154	0.00357494439571136	0.952209841978246	0.00041052566337163217	0.6861931482186426	0.00029601182233316407	`ftol` termination condition is satisfied.	"[3.54605073e+00 3.57494440e-03 9.52209842e-01 4.10525663e-04
 6.86193148e-01 2.96011822e-04]"	"[8.01838614e+00 3.84156860e-06 5.83024748e-01 3.46470045e-06
 5.97746332e-01 7.46680327e-05]"
78	True	27.721302032470703	109.02402940213783	3.5463914514389288	0.0035753408479972126	0.952209841978279	0.0004105256633716624	0.6861931482127707	0.00029601182232826873	`ftol` termination condition is satisfied.	"[3.54639145e+00 3.57534085e-03 9.52209842e-01 4.10525663e-04
 6.86193148e-01 2.96011822e-04]"	"[5.83607834e+00 2.57737141e-05 7.59492490e+00 4.51666875e-03
 9.31515210e-01 7.43709835e-07]"
15	True	34.39714789390564	109.02402941683378	3.5464075528009933	0.0035753595855689993	0.9522098419691246	0.00041052566336461044	0.6861931481572614	0.0002960118222819905	`ftol` termination condition is satisfied.	"[3.54640755e+00 3.57535959e-03 9.52209842e-01 4.10525663e-04
 6.86193148e-01 2.96011822e-04]"	"[5.80109587e-01 4.43645447e-07 2.65114585e+00 1.69889427e-06
 7.55458387e-01 3.93923861e-07]"
19	True	26.099042654037476	109.02402942143355	3.546412506247763	0.0035753653491161458	0.9522098419797405	0.00041052566337275974	0.6861931481922543	0.0002960118223111638	`ftol` termination condition is satisfied.	"[3.54641251e+00 3.57536535e-03 9.52209842e-01 4.10525663e-04
 6.86193148e-01 2.96011822e-04]"	"[1.25115383e+00 1.54635057e-06 1.22552300e-01 3.23216920e-07
 6.14105260e-01 1.45661895e-07]"
33	True	25.475191593170166	109.02402963477985	3.5466438168756094	0.0035756345469539043	0.9522098419787063	0.0004105256633719722	0.6861931482075364	0.00029601182232390276	`ftol` termination condition is satisfied.	"[3.54664382e+00 3.57563455e-03 9.52209842e-01 4.10525663e-04
 6.86193148e-01 2.96011822e-04]"	"[3.46381392e-01 5.32981622e-03 6.41144873e+00 6.30222356e-04
 5.54011616e-01 2.02344277e-07]"
39	True	29.65744662284851	109.02402974561437	3.5467631950461707	0.00357577348831165	0.9522098419781557	0.0004105256633715696	0.6861931482186505	0.00029601182233317074	`ftol` termination condition is satisfied.	"[3.54676320e+00 3.57577349e-03 9.52209842e-01 4.10525663e-04
 6.86193148e-01 2.96011822e-04]"	"[8.77685003e+00 2.30006530e-07 4.82691667e-01 7.68137582e-07
 7.39917665e-01 5.22406007e-04]"
26	True	30.860243558883667	109.02402977811543	3.546798107672805	0.003575814120907492	0.9522098419782201	0.00041052566337162084	0.6861931482185657	0.0002960118223330999	`ftol` termination condition is satisfied.	"[3.54679811e+00 3.57581412e-03 9.52209842e-01 4.10525663e-04
 6.86193148e-01 2.96011822e-04]"	"[9.22369754e+00 5.16430485e-06 5.68727525e+00 8.32403285e-04
 6.41291782e-01 7.83133401e-06]"
24	True	21.07465434074402	109.02402985519922	3.546880935294813	0.003575910527454537	0.9522098419747334	0.00041052566336891364	0.6861931480854837	0.00029601182222209005	`ftol` termination condition is satisfied.	"[3.54688094e+00 3.57591053e-03 9.52209842e-01 4.10525663e-04
 6.86193148e-01 2.96011822e-04]"	"[1.64981800e-01 3.67673312e-05 1.07684602e+00 5.37903795e-05
 8.95096131e-01 3.78128449e-05]"
52	True	20.43884015083313	109.02402991649969	3.546952780948434	0.003575994158696483	0.952209841958706	0.0004105256633565892	0.6861931440177323	0.00029601181882870975	`ftol` termination condition is satisfied.	"[3.54695278e+00 3.57599416e-03 9.52209842e-01 4.10525663e-04
 6.86193144e-01 2.96011819e-04]"	"[1.60825769e-01 4.23756547e-05 2.30717256e-01 1.80386909e-05
 6.01861489e-01 4.67593472e-07]"
58	True	22.040338277816772	109.0240299463406	3.5469763719375464	0.003576021652252518	0.9522098536777198	0.0004105256721485208	0.6861931484497112	0.00029601182251574263	`ftol` termination condition is satisfied.	"[3.54697637e+00 3.57602165e-03 9.52209854e-01 4.10525672e-04
 6.86193148e-01 2.96011823e-04]"	"[2.59249143e+00 9.42671997e-03 2.88892796e-01 1.91916781e-07
 9.53631766e-01 9.51096625e-04]"
97	True	29.633134126663208	109.0240301293374	3.547172521386395	0.0035762499628852603	0.9522098419782803	0.00041052566337165694	0.6861931482179133	0.00029601182233255567	`ftol` termination condition is satisfied.	"[3.54717252e+00 3.57624996e-03 9.52209842e-01 4.10525663e-04
 6.86193148e-01 2.96011822e-04]"	"[3.78148849e+00 3.64026909e-07 1.25543082e-01 2.05062807e-05
 8.20299054e-01 6.73111690e-07]"
1	True	25.86853265762329	109.02403014658279	3.547190730537463	0.003576271165939287	0.9522098423181236	0.00041052566362660204	0.6861931482187708	0.00029601182233326577	`ftol` termination condition is satisfied.	"[3.54719073e+00 3.57627117e-03 9.52209842e-01 4.10525664e-04
 6.86193148e-01 2.96011822e-04]"	"[1.12801031e-01 2.56185632e-06 7.48016373e-01 3.69258683e-07
 8.18911355e-01 1.12009871e-03]"
18	True	21.859238386154175	109.02403046334457	3.547524423995443	0.0035766596778786693	0.9522098411320125	0.00041052566271934356	0.6861931479212403	0.0002960118220848962	`ftol` termination condition is satisfied.	"[3.54752442e+00 3.57665968e-03 9.52209841e-01 4.10525663e-04
 6.86193148e-01 2.96011822e-04]"	"[2.33120798e+00 9.46535522e-03 1.40718419e+00 8.21388086e-06
 6.72125257e-01 3.84066134e-03]"
14	True	19.896586894989014	109.0240306671898	3.54773796436498	0.003576918762974988	0.9522097697746302	0.00041052560923319315	0.6861931486497564	0.00029601182267409106	`ftol` termination condition is satisfied.	"[3.54773796e+00 3.57691876e-03 9.52209770e-01 4.10525609e-04
 6.86193149e-01 2.96011823e-04]"	"[5.09436774e+00 1.31567129e-03 7.97582212e+00 1.57654127e-05
 9.52782672e-01 2.03234276e-03]"
40	True	26.659693002700806	109.02403075216978	3.5478175303294526	0.0035770129008414315	0.9522098419772589	0.0004105256633708959	0.6861931482187097	0.00029601182233321736	`ftol` termination condition is satisfied.	"[3.54781753e+00 3.57701290e-03 9.52209842e-01 4.10525663e-04
 6.86193148e-01 2.96011822e-04]"	"[2.53531114e+00 9.65337980e-06 8.08156219e+00 2.05293210e-04
 7.34761135e-01 2.65777816e-03]"
67	True	23.357866287231445	109.02403076430282	3.5478366092046687	0.003577023242659168	0.952209841985102	0.00041052566337677036	0.6861931482488078	0.0002960118223570204	`ftol` termination condition is satisfied.	"[3.54783661e+00 3.57702324e-03 9.52209842e-01 4.10525663e-04
 6.86193148e-01 2.96011822e-04]"	"[1.23301857e+00 2.21904719e-04 2.78054102e+00 6.84219719e-04
 9.98940485e-01 3.41389477e-04]"
28	True	17.123918771743774	109.02403082307039	3.547889591024963	0.003577096432981862	0.9522098361654238	0.0004105256590204325	0.686193149602888	0.00029601182342765	`ftol` termination condition is satisfied.	"[3.54788959e+00 3.57709643e-03 9.52209836e-01 4.10525659e-04
 6.86193150e-01 2.96011823e-04]"	"[2.84402915e+00 6.27619061e-03 3.78929773e-01 2.30438627e-04
 7.38952564e-01 3.19365566e-04]"
47	True	34.790141344070435	109.0240308254212	3.5478858314254373	0.003577104694369588	0.9522098419781452	0.0004105256633715596	0.686193148218615	0.0002960118223331429	`xtol` termination condition is satisfied.	"[3.54788583e+00 3.57710469e-03 9.52209842e-01 4.10525663e-04
 6.86193148e-01 2.96011822e-04]"	"[7.34615281e+00 1.60441467e-07 1.09688274e-01 1.99710196e-06
 9.56036519e-01 5.96662645e-06]"
88	True	27.482420682907104	109.02403086232579	3.5479377738293736	0.0035771410701753333	0.952209841978225	0.00041052566337161916	0.6861931482169201	0.0002960118223317254	`ftol` termination condition is satisfied.	"[3.54793777e+00 3.57714107e-03 9.52209842e-01 4.10525663e-04
 6.86193148e-01 2.96011822e-04]"	"[2.03334725e+00 3.21808321e-06 1.17882762e+00 2.95641122e-03
 9.37843156e-01 7.00602698e-06]"
56	True	29.536781787872314	109.0240309011612	3.5479777332274	0.0035771876115711083	0.9522098419783338	0.0004105256633717056	0.6861931482182938	0.0002960118223328726	`ftol` termination condition is satisfied.	"[3.54797773e+00 3.57718761e-03 9.52209842e-01 4.10525663e-04
 6.86193148e-01 2.96011822e-04]"	"[1.18350710e+00 3.32691988e-07 1.42616016e+00 1.80846225e-06
 5.00255502e-01 5.35342326e-05]"
64	True	28.556330680847168	109.02403093194229	3.5480093024887482	0.0035772243846116797	0.9522098425324828	0.00041052566378744115	0.6861931482183763	0.0002960118223329416	`ftol` termination condition is satisfied.	"[3.54800930e+00 3.57722438e-03 9.52209843e-01 4.10525664e-04
 6.86193148e-01 2.96011822e-04]"	"[1.75067318e-01 1.58121942e-03 4.72027969e-01 5.00272197e-07
 5.35934978e-01 1.03097863e-04]"
3	True	25.96595525741577	109.02403095092448	3.5480163567289855	0.0035772541211679582	0.9522098419780176	0.00041052566337147436	0.6861931482043065	0.00029601182232179935	`xtol` termination condition is satisfied.	"[3.54801636e+00 3.57725412e-03 9.52209842e-01 4.10525663e-04
 6.86193148e-01 2.96011822e-04]"	"[2.85549861e-01 3.30965646e-07 1.48994060e-01 1.05382730e-05
 9.09976090e-01 7.35060798e-06]"
79	True	27.33084797859192	109.02403096477246	3.5480305764372666	0.0035772706074710925	0.9522098419794525	0.00041052566337252	0.6861931482157797	0.00029601182233089483	`xtol` termination condition is satisfied.	"[3.54803058e+00 3.57727061e-03 9.52209842e-01 4.10525663e-04
 6.86193148e-01 2.96011822e-04]"	"[1.04349755e-01 4.58012029e-03 2.13997370e-01 2.82108851e-05
 5.03349491e-01 4.49259802e-05]"
10	True	25.462320566177368	109.02403098351421	3.548049815773453	0.0035772929092930048	0.9522098419779563	0.00041052566337141684	0.686193148230181	0.0002960118223417477	`xtol` termination condition is satisfied.	"[3.54804982e+00 3.57729291e-03 9.52209842e-01 4.10525663e-04
 6.86193148e-01 2.96011822e-04]"	"[7.87215066e-01 1.46045154e-04 9.25561569e-01 2.40890751e-03
 9.06981491e-01 7.61124305e-04]"
77	True	26.1016263961792	109.02403104266698	3.5481173815474554	0.00357736402793361	0.9522098426473513	0.0004105256638658724	0.6861931464855413	0.00029601182091510244	`xtol` termination condition is satisfied.	"[3.54811738e+00 3.57736403e-03 9.52209843e-01 4.10525664e-04
 6.86193146e-01 2.96011821e-04]"	"[1.36877989e+00 2.60352892e-04 1.82745749e+00 9.58538279e-07
 9.60130862e-01 3.61142125e-06]"
13	True	28.736823558807373	109.02403104820408	3.5481165713665037	0.0035773697018491005	0.9522098419798645	0.00041052566337282647	0.686193148218635	0.0002960118223331583	`xtol` termination condition is satisfied.	"[3.54811657e+00 3.57736970e-03 9.52209842e-01 4.10525663e-04
 6.86193148e-01 2.96011822e-04]"	"[7.43529881e+00 2.24269891e-07 4.59717074e+00 1.72141070e-07
 6.22322241e-01 4.95239173e-06]"
81	True	27.34364676475525	109.02403110194159	3.548171584724825	0.0035774334879400344	0.9522098419807163	0.0004105256633734578	0.6861931482197647	0.00029601182233400254	`xtol` termination condition is satisfied.	"[3.54817158e+00 3.57743349e-03 9.52209842e-01 4.10525663e-04
 6.86193148e-01 2.96011822e-04]"	"[9.26132444e-01 1.53695039e-05 1.36333667e-01 4.56226073e-03
 8.46219625e-01 7.79006621e-03]"
21	True	27.787477493286133	109.02403117002089	3.5482411355068737	0.0035775141290225938	0.9522098419783257	0.0004105256633716775	0.6861931482187544	0.0002960118223332482	`xtol` termination condition is satisfied.	"[3.54824114e+00 3.57751413e-03 9.52209842e-01 4.10525663e-04
 6.86193148e-01 2.96011822e-04]"	"[1.56843518e+00 9.36353757e-07 5.28856060e-01 2.06704233e-05
 9.83251559e-01 2.07214802e-03]"
73	True	30.168945789337158	109.0240314096156	3.548488456292047	0.003577794733942269	0.9522098419781277	0.00041052566337154527	0.6861931482183594	0.0002960118223329322	`xtol` termination condition is satisfied.	"[3.54848846e+00 3.57779473e-03 9.52209842e-01 4.10525663e-04
 6.86193148e-01 2.96011822e-04]"	"[3.50200992e+00 5.32274142e-07 3.57244239e+00 4.99800722e-06
 5.41148373e-01 1.72999813e-06]"
66	True	33.8904550075531	109.02403147607549	3.54855559112648	0.003577872673691931	0.9522098419764706	0.00041052566337031323	0.6861931482183002	0.0002960118223328838	`xtol` termination condition is satisfied.	"[3.54855559e+00 3.57787267e-03 9.52209842e-01 4.10525663e-04
 6.86193148e-01 2.96011822e-04]"	"[8.75784591e+00 1.17014115e-05 3.05025848e-01 1.25644141e-07
 5.01363044e-01 1.19722537e-07]"
36	True	27.31020474433899	109.0240315163278	3.5486003010381566	0.003577921803703532	0.952209841400733	0.0004105256629381998	0.6861931466224358	0.00029601182100280805	`xtol` termination condition is satisfied.	"[3.54860030e+00 3.57792180e-03 9.52209841e-01 4.10525663e-04
 6.86193147e-01 2.96011821e-04]"	"[1.11960068e-01 3.34265450e-05 6.13851903e+00 2.31386930e-05
 5.03574321e-01 3.33359723e-06]"
2	True	22.50191378593445	109.02403152846826	3.5486059212483325	0.0035779364545200656	0.9522098419463519	0.0004105256633473821	0.6861931476039089	0.00029601182182552603	`xtol` termination condition is satisfied.	"[3.54860592e+00 3.57793645e-03 9.52209842e-01 4.10525663e-04
 6.86193148e-01 2.96011822e-04]"	"[6.84870794e-01 1.31127509e-03 4.19578252e-01 8.02879846e-03
 7.63675307e-01 4.84591236e-07]"
27	True	30.808048725128174	109.02403157581342	3.548656393127288	0.003577989158491964	0.9522098419782129	0.00041052566337160154	0.6861931482179313	0.0002960118223325799	`xtol` termination condition is satisfied.	"[3.54865639e+00 3.57798916e-03 9.52209842e-01 4.10525663e-04
 6.86193148e-01 2.96011822e-04]"	"[2.14394480e+00 1.08173010e-07 1.24962700e-01 1.06902766e-06
 8.25734380e-01 9.84486558e-07]"
86	True	37.62972903251648	109.02403158991618	3.5486715962460313	0.0035780051710200154	0.9522098419783678	0.0004105256633717283	0.68619314821561	0.00029601182233064574	`xtol` termination condition is satisfied.	"[3.54867160e+00 3.57800517e-03 9.52209842e-01 4.10525663e-04
 6.86193148e-01 2.96011822e-04]"	"[1.84709374e-01 2.07149867e-03 7.21249808e-01 7.92527754e-07
 5.06525826e-01 3.02148887e-07]"
23	True	23.486278772354126	109.02403162258433	3.548705594224413	0.0035780441133396934	0.9522098403329651	0.00041052566213622494	0.6861931477570193	0.0002960118219483413	`xtol` termination condition is satisfied.	"[3.54870559e+00 3.57804411e-03 9.52209840e-01 4.10525662e-04
 6.86193148e-01 2.96011822e-04]"	"[3.78437214e-01 1.70003800e-05 1.85273118e-01 6.25873501e-03
 5.41231288e-01 1.76546982e-07]"
5	True	29.585320234298706	109.02403183833269	3.5489197853008823	0.003578292959825278	0.9522098413227061	0.0004105256628789334	0.6861931487643266	0.0002960118227651444	`xtol` termination condition is satisfied.	"[3.54891979e+00 3.57829296e-03 9.52209841e-01 4.10525663e-04
 6.86193149e-01 2.96011823e-04]"	"[1.27587661e+00 5.93490079e-04 1.93250217e-01 1.49022940e-06
 9.61530572e-01 1.60103495e-04]"
44	True	28.799726963043213	109.02403186273747	3.5489447743096902	0.003578322002747392	0.9522098419817934	0.0004105256633742659	0.6861931482097204	0.0002960118223257225	`xtol` termination condition is satisfied.	"[3.54894477e+00 3.57832200e-03 9.52209842e-01 4.10525663e-04
 6.86193148e-01 2.96011822e-04]"	"[1.81384705e+00 2.89897819e-06 1.92605284e+00 5.39039813e-07
 6.04837358e-01 3.16669322e-07]"
8	True	29.35564684867859	109.02403200268697	3.549083757153537	0.0035784834559252263	0.9522098419782274	0.00041052566337161916	0.6861931482186144	0.00029601182233314076	`xtol` termination condition is satisfied.	"[3.54908376e+00 3.57848346e-03 9.52209842e-01 4.10525663e-04
 6.86193148e-01 2.96011822e-04]"	"[5.35410328e+00 6.51141140e-06 1.07683587e+00 2.64322160e-03
 6.28888584e-01 5.08725325e-05]"
68	True	20.723904848098755	109.02403209235283	3.5491947389898515	0.00357858079489875	0.9522098419776628	0.000410525663371191	0.6861931464158529	0.00029601182048011673	`ftol` termination condition is satisfied.	"[3.54919474e+00 3.57858079e-03 9.52209842e-01 4.10525663e-04
 6.86193146e-01 2.96011820e-04]"	"[1.29362473e-01 4.03917450e-05 1.51086314e+00 3.05222378e-04
 8.92320115e-01 1.82728220e-06]"
91	True	23.294888257980347	109.02403215563746	3.549253840964879	0.0035786499148434472	0.9522098419781512	0.0004105256633715709	0.6861931482186573	0.0002960118223331777	`ftol` termination condition is satisfied.	"[3.54925384e+00 3.57864991e-03 9.52209842e-01 4.10525663e-04
 6.86193148e-01 2.96011822e-04]"	"[5.68858047e-01 1.82637428e-06 1.12294564e+00 1.34168439e-04
 7.52794307e-01 3.30666106e-04]"
42	True	22.622948169708252	109.02403217782728	3.5492756477216285	0.003578675421712335	0.9522098419773775	0.00041052566337098696	0.686193148218739	0.0002960118223332646	`ftol` termination condition is satisfied.	"[3.54927565e+00 3.57867542e-03 9.52209842e-01 4.10525663e-04
 6.86193148e-01 2.96011822e-04]"	"[1.86788545e-01 3.45283760e-07 6.23697089e+00 1.67488632e-03
 8.12428952e-01 9.46765016e-04]"
74	True	25.338295221328735	109.0240321884773	3.549286114617728	0.00357868765495998	0.952209841972728	0.0004105256633674494	0.6861931482184105	0.00029601182233292403	`ftol` termination condition is satisfied.	"[3.54928611e+00 3.57868765e-03 9.52209842e-01 4.10525663e-04
 6.86193148e-01 2.96011822e-04]"	"[7.11257615e+00 6.27021110e-05 5.06515503e+00 1.79780687e-07
 8.41072675e-01 1.76193654e-05]"
71	True	18.86045527458191	109.0240321916823	3.5492892363268904	0.0035786913055775344	0.9522098415864475	0.00041052566307462176	0.6861931482557547	0.0002960118223724239	`ftol` termination condition is satisfied.	"[3.54928924e+00 3.57869131e-03 9.52209842e-01 4.10525663e-04
 6.86193148e-01 2.96011822e-04]"	"[7.43143983e-01 1.00917015e-03 1.10610283e-01 6.51276305e-05
 8.00920960e-01 8.73678517e-04]"
89	True	27.926374912261963	109.02403221286791	3.54931005173536	0.003578715660465621	0.9522098419780307	0.00041052566337148526	0.6861931482186501	0.0002960118223331704	`ftol` termination condition is satisfied.	"[3.54931005e+00 3.57871566e-03 9.52209842e-01 4.10525663e-04
 6.86193148e-01 2.96011822e-04]"	"[6.62623893e+00 2.47711312e-07 2.29642055e-01 1.95305697e-04
 6.34635510e-01 1.11865275e-03]"
55	True	32.397342681884766	109.02403230921787	3.549404432306526	0.00357882606823803	0.9522098419782946	0.0004105256633716649	0.68619314821664	0.00029601182233110127	`ftol` termination condition is satisfied.	"[3.54940443e+00 3.57882607e-03 9.52209842e-01 4.10525663e-04
 6.86193148e-01 2.96011822e-04]"	"[8.25024826e-01 1.79812315e-07 1.67665414e+00 4.46098910e-05
 6.93881416e-01 7.79334519e-06]"
98	True	25.75032901763916	109.02403248365809	3.5495744917506538	0.003579025054247165	0.9522098419781723	0.0004105256633715826	0.6861931482185891	0.0002960118223331075	`ftol` termination condition is satisfied.	"[3.54957449e+00 3.57902505e-03 9.52209842e-01 4.10525663e-04
 6.86193148e-01 2.96011822e-04]"	"[5.24569722e+00 4.98938068e-05 3.61800364e-01 2.38248568e-06
 6.54107565e-01 3.15214556e-03]"
76	True	26.311774492263794	109.02403249142668	3.549582040558641	0.00357903388985445	0.9522098419787116	0.00041052566337197055	0.6861931482186086	0.0002960118223331275	`ftol` termination condition is satisfied.	"[3.54958204e+00 3.57903389e-03 9.52209842e-01 4.10525663e-04
 6.86193148e-01 2.96011822e-04]"	"[1.86985937e+00 4.73245259e-06 6.73734665e-01 1.16550658e-06
 6.27644631e-01 2.24613841e-03]"
38	True	25.38882327079773	109.02403252350493	3.549613199388401	0.0035790703562252274	0.9522098419407043	0.00041052566334310236	0.6861931482174831	0.00029601182233196754	`ftol` termination condition is satisfied.	"[3.54961320e+00 3.57907036e-03 9.52209842e-01 4.10525663e-04
 6.86193148e-01 2.96011822e-04]"	"[4.98177056e-01 4.06991645e-07 7.49227220e-01 1.29482615e-07
 8.58220561e-01 2.88413341e-05]"
57	True	22.34659457206726	109.02403252640734	3.549615971202149	0.0035790735985201058	0.9522098419780652	0.0004105256633715079	0.6861931482409949	0.00029601182235685427	`ftol` termination condition is satisfied.	"[3.54961597e+00 3.57907360e-03 9.52209842e-01 4.10525663e-04
 6.86193148e-01 2.96011822e-04]"	"[3.25973127e-01 9.69952902e-04 9.96527956e-01 2.95325140e-04
 7.52414396e-01 7.01609195e-03]"
61	True	23.1115300655365	109.024032535937	3.549625357494244	0.003579084583151092	0.9522098421655292	0.0004105256635127267	0.6861931481508309	0.0002960118222632686	`ftol` termination condition is satisfied.	"[3.54962536e+00 3.57908458e-03 9.52209842e-01 4.10525664e-04
 6.86193148e-01 2.96011822e-04]"	"[6.15581211e-01 6.66946064e-06 2.01800378e-01 6.85161604e-03
 6.80531148e-01 8.62661737e-07]"
34	True	23.70689034461975	109.02403257204857	3.5496602725275515	0.0035791254487170755	0.952209841978137	0.0004105256633715671	0.6861931482186823	0.0002960118223332046	`ftol` termination condition is satisfied.	"[3.54966027e+00 3.57912545e-03 9.52209842e-01 4.10525663e-04
 6.86193148e-01 2.96011822e-04]"	"[2.82267511e+00 2.38623314e-05 3.53546289e-01 1.23102921e-04
 8.89291921e-01 2.63994269e-04]"
50	True	19.7812397480011	109.02403257559028	3.549655973409393	0.0035791204161304277	0.952209921960354	0.0004105257236307727	0.6861931477868434	0.0002960118218880144	`ftol` termination condition is satisfied.	"[3.54965597e+00 3.57912042e-03 9.52209922e-01 4.10525724e-04
 6.86193148e-01 2.96011822e-04]"	"[6.04176500e-01 1.61553759e-04 8.66706864e+00 3.32090127e-07
 6.15863867e-01 1.14175288e-05]"
48	True	22.88619089126587	109.0240325975736	3.549685519739832	0.003579155002924174	0.9522098419780645	0.0004105256633715054	0.6861931479167628	0.0002960118220218905	`ftol` termination condition is satisfied.	"[3.54968552e+00 3.57915500e-03 9.52209842e-01 4.10525663e-04
 6.86193148e-01 2.96011822e-04]"	"[4.68151297e-01 3.51782493e-05 2.59019848e-01 6.42225035e-05
 8.09151162e-01 1.96297829e-06]"
29	True	21.516953706741333	109.02403261814287	3.549704891404691	0.0035791776794343124	0.9522098422161642	0.0004105256635509359	0.6861931482090008	0.0002960118223232199	`ftol` termination condition is satisfied.	"[3.54970489e+00 3.57917768e-03 9.52209842e-01 4.10525664e-04
 6.86193148e-01 2.96011822e-04]"	"[1.33286287e-01 4.87344987e-04 2.87881023e+00 4.47864945e-07
 6.75105172e-01 1.00914480e-05]"
35	True	30.12001347541809	109.02403270450105	3.5497883218377915	0.0035792753501985844	0.9522098419783503	0.000410525663371701	0.6861931482186426	0.0002960118223331629	`ftol` termination condition is satisfied.	"[3.54978832e+00 3.57927535e-03 9.52209842e-01 4.10525663e-04
 6.86193148e-01 2.96011822e-04]"	"[1.30557381e+00 1.63010175e-06 1.26766009e+00 2.45001083e-03
 6.53506013e-01 1.66670428e-03]"
84	True	24.356573820114136	109.02403273119779	3.549814060904791	0.0035793054856617657	0.952209841978151	0.00041052566337156625	0.6861931482186515	0.00029601182233317193	`ftol` termination condition is satisfied.	"[3.54981406e+00 3.57930549e-03 9.52209842e-01 4.10525663e-04
 6.86193148e-01 2.96011822e-04]"	"[3.49967268e+00 1.11030103e-06 4.61745523e-01 6.93396202e-04
 8.05341880e-01 2.08066583e-04]"
87	True	24.414632081985474	109.02403282492052	3.5499045299852594	0.0035794114179834857	0.9522098403759688	0.0004105256621518359	0.6861931481474851	0.00029601182225968053	`ftol` termination condition is satisfied.	"[3.54990453e+00 3.57941142e-03 9.52209840e-01 4.10525662e-04
 6.86193148e-01 2.96011822e-04]"	"[2.63889223e-01 4.29038106e-07 6.60676101e+00 2.05884455e-07
 6.77672360e-01 6.77783037e-07]"
12	True	20.184601068496704	109.02403283345748	3.5499126306172104	0.003579420904584944	0.9522098419781202	0.000410525663371544	0.686193148106097	0.0002960118222169341	`ftol` termination condition is satisfied.	"[3.54991263e+00 3.57942090e-03 9.52209842e-01 4.10525663e-04
 6.86193148e-01 2.96011822e-04]"	"[3.22760312e-01 9.18700068e-04 1.60772152e+00 1.91960188e-04
 7.75475037e-01 1.06426012e-05]"
53	True	24.15610122680664	109.02403285595256	3.549934030234988	0.0035794459650023746	0.952209841978281	0.0004105256633716582	0.6861931482186583	0.0002960118223331795	`ftol` termination condition is satisfied.	"[3.54993403e+00 3.57944597e-03 9.52209842e-01 4.10525663e-04
 6.86193148e-01 2.96011822e-04]"	"[4.78514432e+00 8.15217798e-06 6.04709524e-01 4.50189192e-03
 9.07490646e-01 1.77719436e-04]"
30	True	21.305538654327393	109.02403286688022	3.549945784239527	0.0035794597346117804	0.9522098419746067	0.0004105256633688633	0.6861931474831717	0.0002960118215734527	`ftol` termination condition is satisfied.	"[3.54994578e+00 3.57945973e-03 9.52209842e-01 4.10525663e-04
 6.86193147e-01 2.96011822e-04]"	"[1.89009529e-01 3.24970194e-06 1.43818730e-01 2.52214785e-06
 9.67537838e-01 3.59659168e-07]"
72	True	22.440283060073853	109.02403298321893	3.5500560264135235	0.003579588860364313	0.9522098419782274	0.00041052566337161916	0.6861931481368287	0.00029601182224858524	`ftol` termination condition is satisfied.	"[3.55005603e+00 3.57958886e-03 9.52209842e-01 4.10525663e-04
 6.86193148e-01 2.96011822e-04]"	"[2.06134582e-01 1.00497535e-06 3.13339997e-01 7.61910866e-04
 6.85261133e-01 1.87775128e-07]"
43	True	22.557965993881226	109.02403303917013	3.5501092926579565	0.0035796512682666	0.9522098419783436	0.00041052566337170226	0.6861931482158053	0.0002960118223302283	`ftol` termination condition is satisfied.	"[3.55010929e+00 3.57965127e-03 9.52209842e-01 4.10525663e-04
 6.86193148e-01 2.96011822e-04]"	"[1.16007826e-01 3.23955838e-04 2.95534378e+00 7.41064584e-04
 6.61533102e-01 3.56902059e-05]"
59	True	18.93741536140442	109.02403306330707	3.5501352419943695	0.0035796816618621943	0.9522098129608526	0.000410525641240634	0.6861931482881244	0.00029601182240705017	`ftol` termination condition is satisfied.	"[3.55013524e+00 3.57968166e-03 9.52209813e-01 4.10525641e-04
 6.86193148e-01 2.96011822e-04]"	"[2.07631810e+00 1.00402132e-03 5.70836877e+00 3.18602686e-06
 7.85934876e-01 1.26608182e-03]"
4	True	20.986727237701416	109.02403309646108	3.5501648515738786	0.0035797163596611274	0.9522098420336618	0.00041052566341349684	0.6861931476444869	0.0002960118217391395	`ftol` termination condition is satisfied.	"[3.55016485e+00 3.57971636e-03 9.52209842e-01 4.10525663e-04
 6.86193148e-01 2.96011822e-04]"	"[4.19882173e-01 5.17063763e-05 3.02003632e+00 6.11079112e-06
 7.23005111e-01 2.60454622e-07]"
70	True	20.2478129863739	109.02403312950193	3.550195627480555	0.0035797524252347813	0.952209841977158	0.0004105256633707905	0.686193148026602	0.00029601182213443225	`ftol` termination condition is satisfied.	"[3.55019563e+00 3.57975243e-03 9.52209842e-01 4.10525663e-04
 6.86193148e-01 2.96011822e-04]"	"[4.74743678e-01 8.74114044e-04 1.07063525e+00 2.60309159e-03
 5.92558886e-01 3.71634520e-03]"
46	True	20.514559745788574	109.02403315336811	3.5502180994028842	0.0035797787540664083	0.9522098421641142	0.0004105256635120307	0.6861931481382281	0.0002960118222499316	`ftol` termination condition is satisfied.	"[3.55021810e+00 3.57977875e-03 9.52209842e-01 4.10525664e-04
 6.86193148e-01 2.96011822e-04]"	"[9.64550280e-01 1.41305114e-03 8.29811443e-01 1.39113590e-05
 5.27734745e-01 1.39625827e-04]"
94	True	19.567365884780884	109.02403316748143	3.5502313087472013	0.0035797942399509795	0.9522098419783858	0.00041052566337173836	0.6861931482591915	0.0002960118223763098	`ftol` termination condition is satisfied.	"[3.55023131e+00 3.57979424e-03 9.52209842e-01 4.10525663e-04
 6.86193148e-01 2.96011822e-04]"	"[1.99425132e-01 1.09796827e-04 2.90932462e+00 2.03168889e-03
 9.26075324e-01 1.95577930e-04]"
22	True	22.373826265335083	109.02403317815856	3.550241637804256	0.0035798063465943037	0.9522098408131008	0.00041052566248223304	0.6861931482185091	0.00029601182233302453	`ftol` termination condition is satisfied.	"[3.55024164e+00 3.57980635e-03 9.52209841e-01 4.10525662e-04
 6.86193148e-01 2.96011822e-04]"	"[4.53740983e-01 1.20169956e-03 2.00221753e+00 1.76875302e-07
 5.76530674e-01 1.65931710e-04]"
45	True	21.3583505153656	109.0241487543061	3.287121948903236	0.00326852440630386	0.9520216795484305	0.0004104189949285412	0.6853335083962355	0.0002953143459956816	`xtol` termination condition is satisfied.	"[3.28712195e+00 3.26852441e-03 9.52021680e-01 4.10418995e-04
 6.85333508e-01 2.95314346e-04]"	"[2.94709046e-01 1.32509282e-04 1.24369695e+00 3.79014731e-06
 8.99531631e-01 1.03401967e-07]"
65	True	19.690846920013428	109.0242344722377	3.307576377797802	0.0032925595672611816	0.9521328532062391	0.00041048137945792556	0.6855646833512588	0.0002955053639534748	`xtol` termination condition is satisfied.	"[3.30757638e+00 3.29255957e-03 9.52132853e-01 4.10481379e-04
 6.85564683e-01 2.95505364e-04]"	"[7.58710533e-01 4.73665825e-04 9.76162552e-01 4.56794262e-05
 8.45076663e-01 2.17730965e-05]"
31	True	14.813631534576416	109.0242734187246	3.302820102840777	0.003287024611984203	0.9521184272445704	0.0004104731256888772	0.6855640834302846	0.0002955012203735019	`xtol` termination condition is satisfied.	"[3.30282010e+00 3.28702461e-03 9.52118427e-01 4.10473126e-04
 6.85564083e-01 2.95501220e-04]"	"[8.39419033e-01 3.39828432e-04 2.27212354e+00 7.55620462e-03
 6.74599469e-01 1.50767812e-06]"
